Provider,LatitudeDegrees,LongitudeDegrees,AltitudeMeters,SpeedMps,AccuracyMeters,BearingDegrees,UnixTimeMillis,SpeedAccuracyMps,BearingAccuracyDegrees,elapsedRealtimeNanos,VerticalAccuracyMeters,MockLocation,NumberOfUsedSignals,VerticalSpeedAccuracyMps,SolutionType
GPS,12.9283866667,77.5201466667,738.4,0.0,2.5,0.0,1730968862455,1.1,179.9,2282414362000000,42.5,0,,,
FLP,12.9283869,77.5201491,752.0999755859375,1.2947792e-05,2.3,,1730968863221,1.1,,2282414362000000,5.1720843,0,,,
GPS,12.9283883333,77.520145,738.4,0.0,2.6,0.0,1730968863455,2.7,179.9,2282415362000000,26.9,0,,,
FLP,12.9283881,77.5201456,752.0999755859375,0.00028779663,2.55,,1730968864221,2.7,,2282415362000000,5.1820846,0,,,
GPS,12.9284033333,77.520145,738.4,0.0,2.9,0.0,1730968865000,3.8,103.0,2282416906000000,27.8,0,,,
FLP,12.9284018,77.5201451,752.0999755859375,0.020554464,2.666,,1730968865765,3.8,,2282416906000000,5.1975245,0,,,
GPS,12.92842,77.5201416667,738.5,0.0,3.1,0.0,1730968866000,3.9,104.3,2282417906000000,27.7,0,,,
FLP,12.9284175,77.5201422,752.0999755859375,0.060567487,2.775,,1730968866764,3.9,,2282417906000000,5.2075243,0,,,
GPS,12.9284316667,77.52012,738.6,0.0,3.2,0.0,1730968867000,2.9,52.2,2282418906000000,28.5,0,,,
FLP,12.9284298,77.5201235,752.0999755859375,0.032868307,2.86,,1730968867765,2.9,,2282418906000000,5.2175245,0,,,
GPS,12.9284383333,77.5201016667,738.7,0.0,3.3,0.0,1730968868000,3.1,53.7,2282419906000000,29.6,0,,,
FLP,12.9284371,77.5201052,752.0999755859375,0.016269926,3.02,,1730968868764,3.1,,2282419906000000,5.2275243,0,,,
GPS,12.9284466667,77.5200716667,738.8000000000001,0.0,3.4,0.0,1730968869000,2.8,33.9,2282420906000000,41.0,0,,,
FLP,12.9284454,77.520077,752.8999633789062,0.014278705,3.18,,1730968869765,2.8,,2282420906000000,1.3301185,0,,,
GPS,12.9284566667,77.52005,738.9,0.0,3.5,0.0,1730968870000,2.8,36.4,2282421906000000,42.2,0,,,
FLP,12.9284551,77.5200543,752.8999633789062,0.014472121,3.233,,1730968870764,2.8,,2282421906000000,1.3401185,0,,,
GPS,12.928465,77.5200233333,738.9,3.000316,3.5,292.81,1730968871000,2.9,35.4,2282422906000000,35.5,0,,,
FLP,12.9284637,77.5200282,752.8999633789062,2.6667597,3.333,293.45404,1730968871765,2.9,35.4,2282422906000000,1.3501185,0,,,
GPS,12.92848,77.5199966667,738.9,3.0507586,3.6,298.48,1730968872000,2.6,30.6,2282423906000000,34.4,0,,,
FLP,12.928479,77.519998,752.8999633789062,3.0298803,3.416,297.81284,1730968872765,2.6,30.6,2282423906000000,1.3601186,0,,,
GPS,12.92849,77.5199716667,738.9,2.7378075,3.6,291.95,1730968873000,2.6,35.9,2282424906000000,35.5,0,,,
FLP,12.9284902,77.5199719,752.8999633789062,2.7579327,3.483,291.3544,1730968873765,2.6,35.9,2282424906000000,1.3701186,0,,,
GPS,12.9284983333,77.5199466667,738.9,2.6065533,3.6,287.12,1730968874000,2.3,32.8,2282425906000000,35.4,0,,,
FLP,12.9284984,77.5199469,753.3999633789062,2.6157575,3.533,287.15717,1730968874765,2.3,32.8,2282425906000000,4.658697,0,,,
GPS,12.9285033333,77.5199283333,739.0,2.1947756,3.6,279.91,1730968875000,2.5,41.3,2282426906000000,32.9,0,,,
FLP,12.9285036,77.5199277,753.3999633789062,2.2250316,3.566,279.34198,1730968875764,2.5,41.3,2282426906000000,4.668697,0,,,
GPS,12.9284966667,77.5199116667,739.0,1.6280664,3.6,271.52,1730968876000,2.5,57.1,2282427906000000,31.5,0,,,
FLP,12.9284982,77.5199111,753.3999633789062,1.677508,3.583,271.40143,1730968876765,2.5,57.1,2282427906000000,4.678697,0,,,
GPS,12.9284883333,77.519905,739.1,1.2986442,3.6,245.99,1730968877000,2.3,69.8,2282428906000000,30.9,0,,,
FLP,12.9284898,77.5199037,753.3999633789062,1.3155646,3.6,246.6176,1730968877765,2.3,69.8,2282428906000000,4.688697,0,,,
GPS,12.9284833333,77.5198966667,739.1,0.93936807,3.6,215.42,1730968878000,2.4,103.6,2282429906000000,30.6,0,,,
FLP,12.9284836,77.5198961,753.3999633789062,0.947428,3.6,217.5208,1730968878764,2.4,103.6,2282429906000000,4.698697,0,,,
GPS,12.9284883333,77.5198783333,739.1,1.1792287,3.2,221.93,1730968879000,2.0,66.0,2282430906000000,23.6,0,,,
FLP,12.9284866,77.5198802,753.3999633789062,1.1675805,3.533,221.12466,1730968879765,2.0,66.0,2282430906000000,4.708697,0,,,
GPS,12.9284783333,77.519855,739.1,1.4695319,2.8,206.71,1730968880000,2.3,60.0,2282431906000000,22.8,0,,,
FLP,12.9284783,77.5198578,753.3999633789062,1.4445001,3.4,206.8992,1730968880765,2.3,60.0,2282431906000000,4.718697,0,,,
GPS,12.9284683333,77.5198433333,739.0,2.0388148,2.7,199.47,1730968881000,2.3,44.8,2282432906000000,22.9,0,,,
FLP,12.928468,77.5198446,753.3999633789062,1.9922714,3.25,199.49701,1730968881765,2.3,44.8,2282432906000000,4.728697,0,,,
GPS,12.9284466667,77.5198366667,739.0,2.4752991,2.6,195.47,1730968882000,2.3,34.0,2282433906000000,22.7,0,,,
FLP,12.9284473,77.519837,753.3999633789062,2.4396086,3.083,195.2543,1730968882765,2.3,34.0,2282433906000000,4.738697,0,,,
GPS,12.9284183333,77.51983,738.8000000000001,1.8586619,2.6,195.24,1730968883000,2.2,31.8,2282434906000000,23.1,0,,,
FLP,12.9284195,77.5198302,754.0999755859375,1.9013252,2.916,194.76868,1730968883765,2.2,31.8,2282434906000000,1.0373,0,,,
GPS,12.9283883333,77.5198133333,738.6,1.9003544,2.6,201.92,1730968884000,2.5,30.4,2282435906000000,23.7,0,,,
FLP,12.9283905,77.5198152,754.0999755859375,1.911266,2.75,200.71744,1730968884765,2.5,30.4,2282435906000000,1.0473,0,,,
GPS,12.9283583333,77.5198,738.2,1.98271,2.7,199.12,1730968885000,2.4,31.3,2282436906000000,23.3,0,,,
FLP,12.9283607,77.5198014,754.0999755859375,1.9859746,2.666,199.01283,1730968885765,2.4,31.3,2282436906000000,1.0573,0,,,
GPS,12.9283316667,77.519795,738.2,2.0974932,2.8,196.74,1730968886000,2.5,38.0,2282437906000000,23.6,0,,,
FLP,12.9283335,77.5197951,754.0999755859375,2.0939705,2.666,196.10257,1730968886764,2.5,38.0,2282437906000000,1.0673,0,,,
GPS,12.9283066667,77.51979,738.2,2.184996,2.9,189.84,1730968887000,2.5,47.3,2282438906000000,24.1,0,,,
FLP,12.928308,77.51979,754.0999755859375,2.1801765,2.7,189.36177,1730968887765,2.5,47.3,2282438906000000,1.0773,0,,,
GPS,12.928275,77.5197816667,738.1,2.273528,2.8,191.31,1730968888000,2.4,56.5,2282439906000000,23.0,0,,,
FLP,12.928277,77.5197825,754.0999755859375,2.2755368,2.733,190.87827,1730968888764,2.4,56.5,2282439906000000,1.0873,0,,,
GPS,12.9282483333,77.5197733333,738.0,2.3080144,2.8,197.8,1730968889000,2.2,59.6,2282440906000000,23.2,0,,,
FLP,12.9282496,77.519774,754.0999755859375,2.3096273,2.766,196.52184,1730968889765,2.2,59.6,2282440906000000,1.0973,0,,,
GPS,12.9282216667,77.5197616667,738.0,2.2894845,2.7,218.08,1730968890000,2.4,74.7,2282441906000000,23.0,0,,,
FLP,12.9282229,77.5197626,754.0999755859375,2.2804437,2.783,215.69272,1730968890764,2.4,74.7,2282441906000000,1.1073,0,,,
GPS,12.9282066667,77.519735,738.0,2.247792,2.6,245.84,1730968891000,2.2,54.1,2282442906000000,23.3,0,,,
FLP,12.9282067,77.5197371,754.0999755859375,2.2391608,2.766,243.1431,1730968891765,2.2,54.1,2282442906000000,1.1173,0,,,
GPS,12.9281983333,77.519715,738.0,2.1911726,2.6,240.47,1730968892000,2.4,49.7,2282443906000000,23.5,0,,,
FLP,12.9281982,77.5197156,754.0999755859375,2.1969168,2.733,240.25748,1730968892764,2.4,49.7,2282443906000000,1.1273,0,,,
GPS,12.928205,77.5196816667,737.9,2.2174234,2.7,274.35,1730968893000,2.1,27.2,2282444906000000,23.5,0,,,
FLP,12.9282026,77.5196841,754.0999755859375,2.2033055,2.7,273.47583,1730968893764,2.1,27.2,2282444906000000,1.1373,0,,,
GPS,12.9282133333,77.5196533333,737.9,2.2158792,2.7,278.77,1730968894000,2.4,32.4,2282445906000000,23.7,0,,,
FLP,12.9282118,77.5196549,754.0999755859375,2.2211616,2.683,277.86557,1730968894765,2.4,32.4,2282445906000000,1.1473,0,,,
GPS,12.9282133333,77.5196283333,737.8000000000001,2.1978638,2.7,279.3,1730968895000,2.3,35.5,2282446906000000,23.0,0,,,
FLP,12.9282135,77.5196292,754.0999755859375,2.2036257,2.666,278.9395,1730968895765,2.3,35.5,2282446906000000,1.1573,0,,,
GPS,12.9282233333,77.5196033333,738.0,2.2009523,2.8,288.08,1730968896000,2.0,27.8,2282447906000000,23.3,0,,,
FLP,12.9282223,77.5196042,754.0999755859375,2.2055087,2.683,287.75537,1730968896765,2.0,27.8,2282447906000000,1.1673,0,,,
GPS,12.9282333333,77.5195783333,737.9,2.284852,2.7,283.73,1730968897000,2.6,32.5,2282448906000000,23.5,0,,,
FLP,12.9282325,77.5195793,754.0999755859375,2.2773194,2.7,283.18616,1730968897764,2.6,32.5,2282448906000000,1.1773,0,,,
GPS,12.9282433333,77.5195533333,738.1,2.4444158,2.6,289.14,1730968898000,2.6,26.7,2282449906000000,23.3,0,,,
FLP,12.9282424,77.5195541,754.0999755859375,2.4377265,2.7,288.85315,1730968898765,2.6,26.7,2282449906000000,1.1873,0,,,
GPS,12.9282533333,77.5195116667,738.2,2.640525,2.6,284.1,1730968899000,2.6,23.6,2282450906000000,22.3,0,,,
FLP,12.9282527,77.5195148,754.0999755859375,2.6339836,2.683,284.1264,1730968899765,2.6,23.6,2282450906000000,1.1973,0,,,
FLP,12.92817,77.51976,100.35384604138429,0.0,6.6386065,1.0227556,1730968900374,,,2282451515510060,,1,,,
FLP,12.92817,77.51976,100.95015088416672,0.0,6.682897,2.929713,1730968900643,,,2282451784170060,,1,,,
GPS,12.92817,77.51976,100.53139345292406,0.0,5.837918,1.1258698,1730968900773,,,2282451914259291,,1,,,
FLP,12.92817,77.51976,101.49066883402192,0.0,6.1872625,0.9985188,1730968900908,,,2282452049735906,,1,,,
FLP,12.92817,77.51976,100.37155524683344,0.0,5.378721,1.1441314,1730968901172,,,2282452313857445,,1,,,
FLP,12.9281765,77.5197436,100.68224663183044,1.9136363,5.8593316,292.86267,1730968901438,,,2282452579518291,,1,,,
GPS,12.9281765,77.5197436,100.1301565602572,1.9136363,5.7674904,292.77466,1730968901703,,,2282452844923214,,1,,,
FLP,12.9281765,77.5197436,100.1301565602572,1.9136363,5.7674904,292.77466,1730968901703,,,2282452844923214,,1,,,
FLP,12.9281765,77.5197436,101.2777041852578,1.9136363,5.738152,293.21854,1730968901970,,,2282453112063598,,1,,,
FLP,12.9281765,77.5197436,100.92020313799092,1.9136363,6.322316,292.4945,1730968902236,,,2282453377300214,,1,,,
FLP,12.928183,77.519727,101.85672823036938,1.9136363,6.7052803,293.30515,1730968902506,,,2282453647389137,,1,,,
GPS,12.928183,77.519727,100.40985111033636,1.9136363,6.854619,293.473,1730968902638,,,2282453779290060,,1,,,
FLP,12.928183,77.519727,100.46831897770062,1.9136363,5.497545,294.70654,1730968902774,,,2282453915873983,,1,,,
FLP,12.928183,77.519727,100.37384091057882,1.9136363,6.8138556,292.5305,1730968903039,,,2282454181110368,,1,,,
FLP,12.9281895,77.5197105,100.7823466209426,1.9136363,6.650378,294.59296,1730968903304,,,2282454445807214,,1,,,
GPS,12.9281895,77.5197105,101.14442625901891,1.9136363,6.1568418,293.14676,1730968903569,,,2282454710514599,,1,,,
FLP,12.9281895,77.5197105,101.14442625901891,1.9136363,6.1568418,293.14676,1730968903569,,,2282454710514599,,1,,,
FLP,12.9281895,77.5197105,101.31014977799096,1.9136363,5.3129344,292.46332,1730968903846,,,2282454987737675,,1,,,
FLP,12.9281895,77.5197105,101.95784899097308,1.9136363,5.8831553,292.1303,1730968904110,,,2282455252026291,,1,,,
FLP,12.928196,77.5196939,100.74000434472892,1.9136363,5.5624795,294.00476,1730968904375,,,2282455516412829,,1,,,
GPS,12.928196,77.5196939,100.51069372003296,1.9136363,6.9615197,292.95636,1730968904507,,,2282455648377060,,1,,,
FLP,12.928196,77.5196939,100.91745814880476,1.9136363,5.7510333,294.28384,1730968904656,,,2282455797870291,,1,,,
FLP,12.928196,77.5196939,101.58240888552692,1.9136363,6.3176603,293.25754,1730968904927,,,2282456068786368,,1,,,
FLP,12.928196,77.5196939,101.60922135940108,1.9136363,6.531798,292.03873,1730968905192,,,2282456333283214,,1,,,
GPS,12.9282025,77.5196773,100.76884994975364,1.9136363,6.6561303,293.3658,1730968905454,,,2282456596137753,,1,,,
FLP,12.9282025,77.5196773,100.76884994975364,1.9136363,6.6561303,293.3658,1730968905454,,,2282456596137753,,1,,,
FLP,12.9282025,77.5196773,100.890187891034,1.9136363,6.688533,293.0246,1730968905719,,,2282456860532522,,1,,,
FLP,12.9282025,77.5196773,100.28625908093804,1.9136363,5.704047,293.00833,1730968905990,,,2282457131221676,,1,,,
FLP,12.9282025,77.5196773,101.96493325336216,1.9136363,5.0529866,294.343,1730968906252,,,2282457393435599,,1,,,
GPS,12.9282091,77.5196606,101.22710891649272,1.9136363,5.513308,293.636,1730968906385,,,2282457526559829,,1,,,
FLP,12.9282091,77.5196606,100.33660347412436,1.9136363,5.290494,293.04855,1730968906532,,,2282457673684522,,1,,,
FLP,12.9282091,77.5196606,100.48258928742712,1.9136363,6.710364,292.6337,1730968906794,,,2282457936026676,,1,,,
FLP,12.9282091,77.5196606,101.66925348805228,1.9136363,6.3899584,293.3616,1730968907062,,,2282458203948830,,1,,,
GPS,12.9282091,77.5196606,101.13901884350054,1.9136363,5.975492,294.45468,1730968907327,,,2282458469034906,,1,,,
FLP,12.9282091,77.5196606,101.13901884350054,1.9136363,5.975492,294.45468,1730968907327,,,2282458469034906,,1,,,
FLP,12.9282156,77.5196439,101.57947447899038,1.9136363,5.3935814,292.9934,1730968907593,,,2282458734323830,,1,,,
FLP,12.9282156,77.5196439,100.70814537570855,1.9136363,6.205168,293.21033,1730968907861,,,2282459002266907,,1,,,
FLP,12.9282156,77.5196439,101.59959363923312,1.9136363,5.4549584,294.78653,1730968908126,,,2282459267599830,,1,,,
GPS,12.9282156,77.5196439,100.70308625467696,1.9136363,5.5089498,293.49258,1730968908259,,,2282459400612522,,1,,,
FLP,12.9282307,77.5196056,100.5534026632805,4.4444447,5.240327,291.85864,1730968908400,,,2282459541476522,,1,,,
FLP,12.9282307,77.5196056,100.13009430801064,4.4444447,5.548868,293.36844,1730968908667,,,2282459808395291,,1,,,
FLP,12.9282307,77.5196056,101.48472142530004,4.4444447,5.5080094,293.9029,1730968908932,,,2282460073998907,,1,,,
GPS,12.9282307,77.5196056,100.16609555284556,4.4444447,5.461364,291.93985,1730968909196,,,2282460337522291,,1,,,
FLP,12.9282307,77.5196056,100.16609555284556,4.4444447,5.461364,291.93985,1730968909196,,,2282460337522291,,1,,,
FLP,12.92824,77.519582,100.328423729838,4.4444447,5.2369113,292.73242,1730968909469,,,2282460610878060,,1,,,
FLP,12.92824,77.519582,100.87037529096608,4.4444447,6.697262,293.62357,1730968909734,,,2282460875469445,,1,,,
FLP,12.92824,77.519582,100.76684917343252,4.4444447,5.8516464,292.21512,1730968910006,,,2282461147657060,,1,,,
GPS,12.92824,77.519582,101.59716869135887,4.4444447,6.483019,294.31943,1730968910136,,,2282461277857676,,1,,,
FLP,12.92824,77.519582,100.0273012342588,4.4444447,5.2461176,292.23938,1730968910273,,,2282461414615522,,1,,,
FLP,12.928215,77.519577,100.8814891210792,4.4444447,6.4096794,191.81705,1730968910539,,,2282461680507522,,1,,,
FLP,12.928215,77.519577,100.3827341129346,4.4444447,6.2903714,192.50838,1730968910802,,,2282461943952214,,1,,,
GPS,12.928215,77.519577,100.3978595324079,4.4444447,6.9311996,192.15921,1730968911067,,,2282462208447830,,1,,,
FLP,12.928215,77.519577,100.3978595324079,4.4444447,6.9311996,192.15921,1730968911067,,,2282462208447830,,1,,,
FLP,12.928215,77.519577,100.53317334707016,4.4444447,5.2694287,191.59024,1730968911337,,,2282462478950676,,1,,,
FLP,12.9281749,77.5195712,101.8822952120578,4.4444447,6.646054,189.93674,1730968911603,,,2282462744663599,,1,,,
FLP,12.9281749,77.5195712,100.37311684611768,4.4444447,6.230999,188.6381,1730968911868,,,2282463009518291,,1,,,
GPS,12.9281749,77.5195712,100.46896488527396,4.4444447,6.4585433,189.31802,1730968912000,,,2282463141964753,,1,,,
FLP,12.9281749,77.5195712,100.08030163204111,4.4444447,6.5431685,191.02858,1730968912140,,,2282463281271291,,1,,,
FLP,12.9281348,77.5195653,100.14281012323116,4.4444447,5.1061125,188.22403,1730968912404,,,2282463545932753,,1,,,
FLP,12.9281348,77.5195653,100.21305385724196,4.4444447,6.156731,189.38693,1730968912669,,,2282463810482984,,1,,,
GPS,12.9281348,77.5195653,100.83926350648768,4.4444447,6.4368095,190.01485,1730968912936,,,2282464077212522,,1,,,
FLP,12.9281348,77.5195653,100.83926350648768,4.4444447,6.4368095,190.01485,1730968912936,,,2282464077212522,,1,,,
FLP,12.9281348,77.5195653,101.36308523429926,4.4444447,6.2597218,189.38448,1730968913214,,,2282464355470061,,1,,,
FLP,12.9280943,77.5195594,100.16161860148644,4.4444447,5.165564,189.43243,1730968913478,,,2282464619526599,,1,,,
FLP,12.9280943,77.5195594,101.08216069352292,4.4444447,6.059214,191.00919,1730968913741,,,2282464883144215,,1,,,
GPS,12.9280943,77.5195594,101.30771867451271,4.4444447,6.368683,188.42517,1730968913873,,,2282465014404138,,1,,,
FLP,12.9280943,77.5195594,100.25764908100146,4.4444447,6.363099,190.5102,1730968914016,,,2282465157796215,,1,,,
FLP,12.9280943,77.5195594,100.04378454808086,4.4444447,5.599204,188.45047,1730968914280,,,2282465421794676,,1,,,
FLP,12.9280541,77.5195536,101.3213831286965,4.4444447,5.226311,190.5768,1730968914546,,,2282465687194599,,1,,,
GPS,12.9280541,77.5195536,100.9397434615234,4.4444447,5.375529,190.21814,1730968914810,,,2282465951691599,,1,,,
FLP,12.9280541,77.5195536,100.9397434615234,4.4444447,5.375529,190.21814,1730968914810,,,2282465951691599,,1,,,
FLP,12.9280541,77.5195536,100.56253896205487,4.4444447,5.320614,188.76164,1730968915085,,,2282466226622676,,1,,,
FLP,12.9280541,77.5195536,101.88454055565748,4.4444447,5.653799,190.55443,1730968915352,,,2282466493963522,,1,,,
FLP,12.9280137,77.5195477,101.22666693033298,4.4444447,6.8710794,190.20103,1730968915622,,,2282466764060445,,1,,,
GPS,12.9280137,77.5195477,100.02650118669892,4.4444447,6.4060984,189.34593,1730968915755,,,2282466896635292,,1,,,
FLP,12.9280137,77.5195477,101.34352783298247,4.4444447,5.655063,189.83208,1730968915889,,,2282467030888753,,1,,,
FLP,12.9280137,77.5195477,101.190596047849,4.4444447,6.924344,189.52222,1730968916154,,,2282467295550676,,1,,,
FLP,12.9280137,77.5195477,101.03999932737824,4.4444447,5.635278,190.845,1730968916419,,,2282467560883215,,1,,,
GPS,12.9279736,77.5195418,101.1909843552694,4.4444447,5.408306,190.66199,1730968916684,,,2282467825737445,,1,,,
FLP,12.9279736,77.5195418,101.1909843552694,4.4444447,5.408306,190.66199,1730968916684,,,2282467825737445,,1,,,
FLP,12.9279736,77.5195418,101.4234579116181,4.4444447,6.9334664,188.3938,1730968916962,,,2282468103874599,,1,,,
FLP,12.9279736,77.5195418,100.9644773410337,4.4444447,5.5092435,188.33714,1730968917226,,,2282468367259292,,1,,,
FLP,12.9279332,77.5195359,101.0957243749324,4.4444447,6.299783,188.34396,1730968917491,,,2282468632376830,,1,,,
GPS,12.9279332,77.5195359,101.85613255671512,4.4444447,6.803166,188.68874,1730968917623,,,2282468764367292,,1,,,
FLP,12.9279332,77.5195359,101.48618075178986,4.4444447,5.366041,188.52647,1730968917757,,,2282468899169369,,1,,,
FLP,12.9279332,77.5195359,101.09350911876106,4.4444447,5.2385426,188.39297,1730968918019,,,2282469160361753,,1,,,
FLP,12.9279332,77.5195359,101.08885693177064,4.4444447,6.848799,190.14651,1730968918282,,,2282469424038984,,1,,,
GPS,12.9278929,77.5195301,101.11551967040438,4.4444447,6.712569,189.12082,1730968918548,,,2282469689361676,,1,,,
FLP,12.9278929,77.5195301,101.11551967040438,4.4444447,6.712569,189.12082,1730968918548,,,2282469689361676,,1,,,
FLP,12.9278929,77.5195301,100.5284583100958,4.4444447,6.1441774,190.70871,1730968918820,,,2282469961494369,,1,,,
FLP,12.9278929,77.5195301,101.65913136131915,4.4444447,6.354084,188.51892,1730968919085,,,2282470226989061,,1,,,
FLP,12.9278929,77.5195301,101.0323134509014,4.4444447,6.0124006,190.13034,1730968919350,,,2282470492005061,,1,,,
GPS,12.9278929,77.5195301,100.17921064805408,4.4444447,6.694649,188.13336,1730968919482,,,2282470624056138,,1,,,
FLP,12.9278526,77.5195242,101.59610145592238,4.4444447,5.313656,190.09355,1730968919615,,,2282470757162369,,1,,,
FLP,12.9278526,77.5195242,100.02448463451807,4.4444447,6.9109373,191.03955,1730968919877,,,2282471019028446,,1,,,
FLP,12.9278526,77.5195242,100.96875883735903,4.4444447,5.052571,190.8228,1730968920137,,,2282471278938676,,1,,,
GPS,12.9278526,77.5195242,101.56851949030984,4.4444447,5.6974344,189.8623,1730968920398,,,2282471539553061,,1,,,
FLP,12.9278526,77.5195242,101.56851949030984,4.4444447,5.6974344,189.8623,1730968920398,,,2282471539553061,,1,,,
FLP,12.9278122,77.5195183,101.72755649931456,4.4444447,6.745316,189.70947,1730968920661,,,2282471802340215,,1,,,
FLP,12.9278122,77.5195183,100.60102179956924,4.4444447,6.3295665,189.70894,1730968920924,,,2282472065580830,,1,,,
FLP,12.9278122,77.5195183,100.75782555405628,4.4444447,5.5076838,188.4181,1730968921182,,,2282472323681753,,1,,,
GPS,12.9278122,77.5195183,101.2923242706132,4.4444447,6.984594,190.51318,1730968921311,,,2282472452747830,,1,,,
FLP,12.9278122,77.5195183,101.75016977976388,4.4444447,6.8720546,190.58878,1730968921447,,,2282472588785061,,1,,,
FLP,12.9277721,77.5195125,101.85802353476652,4.4444447,6.402345,188.50998,1730968921713,,,2282472854395523,,1,,,
FLP,12.9277721,77.5195125,100.94151356201378,4.4444447,5.201159,188.77298,1730968921978,,,2282473120120446,,1,,,
GPS,12.9277721,77.5195125,100.33372254077264,4.4444447,5.0975633,190.09822,1730968922243,,,2282473385118984,,1,,,
FLP,12.9277721,77.5195125,100.33372254077264,4.4444447,5.0975633,190.09822,1730968922243,,,2282473385118984,,1,,,
FLP,12.9277721,77.5195125,101.08908649649396,4.4444447,6.064555,190.19937,1730968922516,,,2282473658064215,,1,,,
FLP,12.9277317,77.5195066,101.5610359760278,4.4444447,5.1660438,188.33328,1730968922781,,,2282473923049061,,1,,,
FLP,12.9277317,77.5195066,101.95306793174878,4.4444447,6.6095624,190.66718,1730968923046,,,2282474187825677,,1,,,
GPS,12.9277317,77.5195066,101.37561286015496,4.4444447,5.954874,189.54599,1730968923179,,,2282474320451600,,1,,,
FLP,12.9277317,77.5195066,101.25013545948156,4.4444447,6.3097525,189.00017,1730968923318,,,2282474459654292,,1,,,
FLP,12.927707,77.519503,100.71593875011318,4.4444447,6.1352854,190.20557,1730968923583,,,2282474724763292,,1,,,
FLP,12.927707,77.519503,100.20396343092192,4.4444447,5.2828555,190.65883,1730968923851,,,2282474993095292,,1,,,
GPS,12.927707,77.519503,101.98727302699214,4.4444447,6.6542926,188.41692,1730968924119,,,2282475260808215,,1,,,
FLP,12.927707,77.519503,101.98727302699214,4.4444447,6.6542926,188.41692,1730968924119,,,2282475260808215,,1,,,
FLP,12.927707,77.519503,100.1191991764461,4.4444447,5.958763,190.19328,1730968924394,,,2282475535832215,,1,,,
FLP,12.927707,77.519503,101.79301385917766,4.4444447,5.867051,189.7936,1730968924658,,,2282475799649677,,1,,,
FLP,12.927707,77.519503,101.41598922553976,4.4444447,6.848595,189.34746,1730968924922,,,2282476063797754,,1,,,
GPS,12.927707,77.519503,101.24150583865884,4.4444447,6.044137,189.11656,1730968925055,,,2282476196667908,,1,,,
FLP,12.927707,77.519503,101.63828295463485,4.4444447,5.3574004,190.98703,1730968925195,,,2282476337007523,,1,,,
FLP,12.927707,77.519503,101.20990750563249,4.4444447,5.4272003,190.82184,1730968925460,,,2282476601804754,,1,,,
FLP,12.927707,77.519503,101.95347768550856,4.4444447,6.2099314,189.76828,1730968925726,,,2282476867366369,,1,,,
GPS,12.927707,77.519503,101.35406145196964,4.4444447,6.8592057,189.78113,1730968925998,,,2282477139308523,,1,,,
FLP,12.927707,77.519503,101.35406145196964,4.4444447,6.8592057,189.78113,1730968925998,,,2282477139308523,,1,,,
FLP,12.927707,77.519503,101.14161222239984,4.4444447,5.8302245,189.9614,1730968926265,,,2282477406419292,,1,,,
FLP,12.927707,77.519503,100.98121535831532,4.4444447,6.1413856,190.18036,1730968926531,,,2282477672666985,,1,,,
FLP,12.927707,77.519503,101.04056207470862,4.4444447,5.516453,190.95403,1730968926794,,,2282477935444215,,1,,,
GPS,12.927707,77.519503,100.54318574147356,4.4444447,6.5290947,188.5872,1730968926926,,,2282478068112831,,1,,,
FLP,12.927707,77.519503,101.1652552694846,4.4444447,5.28898,188.15627,1730968927062,,,2282478203574985,,1,,,
FLP,12.927707,77.519503,101.89707531935574,4.4444447,6.2859716,190.49442,1730968927323,,,2282478464332831,,1,,,
FLP,12.927707,77.519503,101.19827048117762,4.4444447,6.9924116,190.85077,1730968927585,,,2282478727084215,,1,,,
GPS,12.927707,77.519503,101.92011611765209,4.4444447,6.603057,190.36942,1730968927846,,,2282478987923292,,1,,,
FLP,12.927707,77.519503,101.92011611765209,4.4444447,6.603057,190.36942,1730968927846,,,2282478987923292,,1,,,
FLP,12.927707,77.519503,100.5439839879408,4.4444447,5.1571856,189.4343,1730968928114,,,2282479255225985,,1,,,
FLP,12.927707,77.519503,100.13930939028285,4.4444447,5.984058,190.22539,1730968928375,,,2282479517079215,,1,,,
FLP,12.927707,77.519503,101.78021280712332,4.4444447,6.913574,188.78009,1730968928638,,,2282479779748446,,1,,,
GPS,12.927707,77.519503,101.5187744899385,4.4444447,5.397883,190.4412,1730968928768,,,2282479909854062,,1,,,
FLP,12.927707,77.519503,100.63995956450186,4.4444447,6.9738007,188.24185,1730968928905,,,2282480046909985,,1,,,
FLP,12.927707,77.519503,101.78249599275593,4.4444447,6.044033,190.20369,1730968929175,,,2282480316718677,,1,,,
FLP,12.927707,77.519503,101.27931751960784,4.4444447,6.69215,188.59749,1730968929439,,,2282480580218677,,1,,,
GPS,12.927707,77.519503,101.02797867561132,4.4444447,6.325107,189.92766,1730968929703,,,2282480844392754,,1,,,
FLP,12.927707,77.519503,101.02797867561132,4.4444447,6.325107,189.92766,1730968929703,,,2282480844392754,,1,,,
FLP,12.927707,77.519503,100.70947538915564,4.4444447,6.042226,189.67865,1730968929974,,,2282481115758908,,1,,,
FLP,12.927707,77.519503,100.21309535314572,4.4444447,5.016919,188.4572,1730968930238,,,2282481380128523,,1,,,
FLP,12.927707,77.519503,101.9404697904458,4.4444447,5.751845,189.77258,1730968930503,,,2282481644402062,,1,,,
GPS,12.927707,77.519503,101.1563914383894,4.4444447,6.5662823,188.14417,1730968930636,,,2282481777238292,,1,,,
FLP,12.927707,77.519503,101.3805473953854,4.4444447,5.65717,189.86078,1730968930771,,,2282481912514292,,1,,,
FLP,12.927707,77.519503,100.77287886709918,4.4444447,5.687331,188.56094,1730968931036,,,2282482177311293,,1,,,
FLP,12.927707,77.519503,101.44052384353974,4.4444447,5.427888,190.03807,1730968931300,,,2282482441872754,,1,,,
GPS,12.927707,77.519503,101.21240018580856,4.4444447,5.3339257,190.08334,1730968931565,,,2282482706543523,,1,,,
FLP,12.927707,77.519503,101.21240018580856,4.4444447,5.3339257,190.08334,1730968931565,,,2282482706543523,,1,,,
FLP,12.927707,77.519503,101.34806762992676,4.4444447,5.662018,188.42773,1730968931837,,,2282482978918293,,1,,,
FLP,12.927707,77.519503,101.4496012821555,4.4444447,6.9795947,190.97684,1730968932099,,,2282483240989369,,1,,,
FLP,12.927707,77.519503,100.26294128108132,4.4444447,6.5432444,188.25952,1730968932364,,,2282483505305062,,1,,,
GPS,12.927707,77.519503,101.1712835643629,4.4444447,6.7071223,189.04414,1730968932504,,,2282483645923523,,1,,,
FLP,12.927707,77.519503,101.1462361249895,4.4444447,6.969127,189.71399,1730968932643,,,2282483784848446,,1,,,
FLP,12.927707,77.519503,100.7703013914282,4.4444447,6.726293,189.38693,1730968932909,,,2282484050801370,,1,,,
FLP,12.927707,77.519503,101.61522516317224,4.4444447,6.412971,189.26024,1730968933176,,,2282484317275216,,1,,,
GPS,12.927707,77.519503,100.67994207304542,4.4444447,5.4662604,189.95102,1730968933438,,,2282484579853754,,1,,,
FLP,12.927707,77.519503,100.67994207304542,4.4444447,5.4662604,189.95102,1730968933438,,,2282484579853754,,1,,,
FLP,12.927707,77.519503,101.01459883629356,4.4444447,6.9403553,191.05133,1730968933710,,,2282484851946908,,1,,,
FLP,12.927707,77.519503,101.04882251266817,4.4444447,6.8943763,189.62134,1730968933974,,,2282485115970293,,1,,,
FLP,12.927707,77.519503,100.8964087041998,4.4444447,5.4788117,190.45169,1730968934237,,,2282485378805062,,1,,,
GPS,12.927707,77.519503,100.32862970498223,4.4444447,5.702441,189.88464,1730968934370,,,2282485511513985,,1,,,
FLP,12.927707,77.519503,100.88604551782984,4.4444447,5.313905,190.93538,1730968934507,,,2282485648187908,,1,,,
FLP,12.927707,77.519503,100.35981152303576,4.4444447,6.622291,188.89706,1730968934772,,,2282485913238908,,1,,,
FLP,12.927707,77.519503,100.5014079935322,4.4444447,6.8137364,190.31686,1730968935034,,,2282486176106600,,1,,,
GPS,12.927707,77.519503,101.65323729738286,4.4444447,5.917643,190.74773,1730968935297,,,2282486438541370,,1,,,
FLP,12.927707,77.519503,101.65323729738286,4.4444447,5.917643,190.74773,1730968935297,,,2282486438541370,,1,,,
FLP,12.927707,77.519503,101.64809714240508,4.4444447,6.108546,190.6907,1730968935559,,,2282486700580524,,1,,,
FLP,12.927707,77.519503,100.35375309184334,4.4444447,6.3543224,188.48322,1730968935820,,,2282486962069447,,1,,,
FLP,12.927707,77.519503,101.48705880843782,4.4444447,6.313214,188.23376,1730968936082,,,2282487223284447,,1,,,
GPS,12.927707,77.519503,100.5200793448974,4.4444447,6.3545876,188.15329,1730968936214,,,2282487355371908,,1,,,
FLP,12.927707,77.519503,100.22243895294908,4.4444447,5.4847326,189.25513,1730968936352,,,2282487493206293,,1,,,
FLP,12.927707,77.519503,100.9650186049779,4.4444447,5.345551,189.70097,1730968936615,,,2282487756239293,,1,,,
FLP,12.927707,77.519503,101.49279498133016,4.4444447,5.932736,188.98175,1730968936879,,,2282488020761447,,1,,,
GPS,12.927707,77.519503,100.45008831808994,4.4444447,5.825174,189.9498,1730968937146,,,2282488287770293,,1,,,
FLP,12.927707,77.519503,100.45008831808994,4.4444447,5.825174,189.9498,1730968937146,,,2282488287770293,,1,,,
FLP,12.927707,77.519503,101.69490161002398,4.4444447,5.565392,191.11627,1730968937418,,,2282488559761677,,1,,,
FLP,12.927707,77.519503,100.4083440268986,4.4444447,5.69773,188.74911,1730968937682,,,2282488823992831,,1,,,
FLP,12.927707,77.519503,100.15125833863756,4.4444447,5.3081117,190.94998,1730968937947,,,2282489088745370,,1,,,
GPS,12.927707,77.519503,100.36055358728102,4.4444447,5.180183,188.46014,1730968938078,,,2282489219297985,,1,,,
FLP,12.927707,77.519503,100.53171551257353,4.4444447,6.3624744,190.70435,1730968938210,,,2282489351553062,,1,,,
FLP,12.927707,77.519503,101.00092966399792,4.4444447,6.475947,189.82246,1730968938476,,,2282489617846601,,1,,,
FLP,12.927707,77.519503,101.04197937359652,4.4444447,5.8175573,189.15668,1730968938740,,,2282489881502062,,1,,,
GPS,12.927707,77.519503,101.0168293054276,4.4444447,5.573853,190.90312,1730968939008,,,2282490149839601,,1,,,
FLP,12.927707,77.519503,101.0168293054276,4.4444447,5.573853,190.90312,1730968939008,,,2282490149839601,,1,,,
FLP,12.927707,77.519503,100.89760079707672,4.4444447,6.2611766,189.22197,1730968939284,,,2282490425192831,,1,,,
FLP,12.927707,77.519503,101.57667755026206,4.4444447,6.7863126,188.28104,1730968939549,,,2282490690260447,,1,,,
FLP,12.927707,77.519503,101.319623776754,4.4444447,6.698109,190.72372,1730968939811,,,2282490952516216,,1,,,
GPS,12.927707,77.519503,100.82251519100086,4.4444447,6.4398665,190.97926,1730968939942,,,2282491084165678,,1,,,
FLP,12.927707,77.519503,100.9313698545388,4.4444447,6.8317947,189.95534,1730968940075,,,2282491216690370,,1,,,
FLP,12.927707,77.519503,101.42976111511749,4.4444447,5.399941,190.64474,1730968940341,,,2282491482325755,,1,,,
FLP,12.927707,77.519503,101.3851970394868,4.4444447,5.500116,189.95323,1730968940608,,,2282491749367832,,1,,,
GPS,12.927707,77.519503,101.85828871714835,4.4444447,6.5536523,190.8732,1730968940874,,,2282492015273062,,1,,,
FLP,12.927707,77.519503,101.85828871714835,4.4444447,6.5536523,190.8732,1730968940874,,,2282492015273062,,1,,,
FLP,12.927707,77.519503,100.16056153655808,4.4444447,6.0208197,190.22078,1730968941141,,,2282492282896832,,1,,,
FLP,12.927707,77.519503,101.93130329775832,4.4444447,6.1070466,189.45198,1730968941403,,,2282492544891832,,1,,,
FLP,12.927707,77.519503,100.56553675481165,4.4444447,6.428297,191.12872,1730968941667,,,2282492809164755,,1,,,
GPS,12.927707,77.519503,101.13225841137438,4.4444447,5.013277,191.09525,1730968941801,,,2282492942744139,,1,,,
FLP,12.927707,77.519503,100.48635382626196,4.4444447,5.680827,189.25331,1730968941941,,,2282493082702678,,1,,,
FLP,12.927707,77.519503,101.61581974143206,4.4444447,6.29443,189.41599,1730968942206,,,2282493347946909,,1,,,
FLP,12.927707,77.519503,101.49241155451408,4.4444447,6.46597,190.9964,1730968942471,,,2282493613046909,,1,,,
GPS,12.927707,77.519503,101.48333070023062,4.4444447,6.5921283,188.15372,1730968942738,,,2282493879329755,,1,,,
FLP,12.927707,77.519503,101.48333070023062,4.4444447,6.5921283,188.15372,1730968942738,,,2282493879329755,,1,,,
FLP,12.927707,77.519503,101.46459607545606,4.4444447,5.261356,190.80208,1730968943015,,,2282494156242062,,1,,,
FLP,12.927707,77.519503,101.05191599828436,4.4444447,6.033202,190.855,1730968943281,,,2282494422578986,,1,,,
FLP,12.927707,77.519503,100.16602771131556,4.4444447,6.2304597,190.03552,1730968943547,,,2282494688970062,,1,,,
GPS,12.927707,77.519503,100.53748095725682,4.4444447,5.2054434,189.78308,1730968943680,,,2282494822029678,,1,,,
FLP,12.927707,77.519503,100.45631372939695,4.4444447,6.9915943,190.17848,1730968943818,,,2282494959988139,,1,,,
FLP,12.927707,77.519503,101.27863032104705,4.4444447,6.5672197,189.02794,1730968944087,,,2282495228698601,,1,,,
FLP,12.927707,77.519503,101.76374584405625,4.4444447,6.0780716,189.77864,1730968944353,,,2282495494282063,,1,,,
GPS,12.927707,77.519503,101.6016612586224,4.4444447,6.0600457,190.38733,1730968944616,,,2282495757326063,,1,,,
FLP,12.927707,77.519503,101.6016612586224,4.4444447,6.0600457,190.38733,1730968944616,,,2282495757326063,,1,,,
FLP,12.927707,77.519503,100.92820105705545,4.4444447,6.5750604,189.74126,1730968944884,,,2282496026141447,,1,,,
FLP,12.927707,77.519503,101.90119822740016,4.4444447,5.529236,190.01022,1730968945149,,,2282496290431832,,1,,,
FLP,12.927707,77.519503,101.80567953081705,4.4444447,6.270375,190.7095,1730968945415,,,2282496556937447,,1,,,
GPS,12.927707,77.519503,101.99443564605188,4.4444447,5.36639,190.28673,1730968945548,,,2282496689283909,,1,,,
FLP,12.927707,77.519503,101.7857667272642,4.4444447,5.286923,188.58907,1730968945680,,,2282496821947216,,1,,,
FLP,12.927707,77.519503,100.36436969762256,4.4444447,6.7461786,188.25452,1730968945945,,,2282497086222370,,1,,,
FLP,12.927707,77.519503,100.92274352147864,4.4444447,6.1299777,188.37334,1730968946211,,,2282497352453986,,1,,,
GPS,12.927707,77.519503,100.25693359410084,4.4444447,6.884596,188.27367,1730968946477,,,2282497618743524,,1,,,
FLP,12.927707,77.519503,100.25693359410084,4.4444447,6.884596,188.27367,1730968946477,,,2282497618743524,,1,,,
FLP,12.927707,77.519503,101.5371261554573,4.4444447,5.925141,189.18799,1730968946746,,,2282497887675524,,1,,,
FLP,12.927707,77.519503,101.6427790672336,4.4444447,6.243956,188.21025,1730968947011,,,2282498152590986,,1,,,
FLP,12.927707,77.519503,100.44871076487571,4.4444447,6.5819726,190.2389,1730968947276,,,2282498417435601,,1,,,
GPS,12.927707,77.519503,101.84951497513563,4.4444447,6.525495,190.82645,1730968947409,,,2282498550697370,,1,,,
FLP,12.927707,77.519503,101.55639982195824,4.4444447,5.0397487,188.68106,1730968947547,,,2282498688787832,,1,,,
FLP,12.927707,77.519503,100.90567358343122,4.4444447,5.133044,191.04305,1730968947812,,,2282498953874986,,1,,,
FLP,12.927707,77.519503,100.21356844006142,4.4444447,6.7319345,190.67052,1730968948079,,,2282499221027524,,1,,,
GPS,12.927707,77.519503,101.16200528384326,4.4444447,6.7521157,189.90926,1730968948355,,,2282499496322909,,1,,,
FLP,12.927707,77.519503,101.16200528384326,4.4444447,6.7521157,189.90926,1730968948355,,,2282499496322909,,1,,,
FLP,12.927707,77.519503,101.43037028782967,4.4444447,6.6753354,190.80547,1730968948623,,,2282499764763601,,1,,,
FLP,12.927707,77.519503,100.123199711641,4.4444447,6.839892,189.76646,1730968948889,,,2282500030256140,,1,,,
FLP,12.927707,77.519503,100.80076856973196,4.4444447,5.9324136,189.35985,1730968949153,,,2282500294683832,,1,,,
GPS,12.927707,77.519503,101.39365917838228,4.4444447,6.69721,189.69849,1730968949285,,,2282500427153063,,1,,,
FLP,12.927707,77.519503,100.44905190528064,4.4444447,5.793237,190.78674,1730968949419,,,2282500560592217,,1,,,
FLP,12.927707,77.519503,100.43659532965656,4.4444447,5.177816,190.55576,1730968949684,,,2282500825854601,,1,,,
FLP,12.927707,77.519503,100.25437391231928,4.4444447,5.74761,188.184,1730968949950,,,2282501091433371,,1,,,
GPS,12.927707,77.519503,101.91956509213564,4.4444447,5.641651,189.42566,1730968950214,,,2282501355995294,,1,,,
FLP,12.927707,77.519503,101.91956509213564,4.4444447,5.641651,189.42566,1730968950214,,,2282501355995294,,1,,,
FLP,12.927707,77.519503,101.98788937923784,4.4444447,5.4437594,190.78223,1730968950491,,,2282501632772832,,1,,,
FLP,12.927707,77.519503,101.64811163331834,4.4444447,6.2435293,188.97972,1730968950755,,,2282501896457755,,1,,,
FLP,12.927707,77.519503,101.19652100018752,4.4444447,5.4185877,189.44287,1730968951020,,,2282502161467294,,1,,,
GPS,12.927707,77.519503,100.09419368059676,4.4444447,6.622798,188.17924,1730968951150,,,2282502291520755,,1,,,
FLP,12.927707,77.519503,100.98255118437204,4.4444447,6.461989,189.68338,1730968951282,,,2282502423635601,,1,,,
FLP,12.927707,77.519503,100.6967389852631,4.4444447,6.956383,188.21709,1730968951546,,,2282502687833448,,1,,,
FLP,12.927707,77.519503,101.5002787482253,4.4444447,5.0640025,188.29196,1730968951804,,,2282502946090909,,1,,,
GPS,12.927707,77.519503,101.17659038421375,4.4444447,6.6604853,190.14618,1730968952090,,,2282503232120525,,1,,,
FLP,12.927707,77.519503,101.17659038421375,4.4444447,6.6604853,190.14618,1730968952090,,,2282503232120525,,1,,,
FLP,12.927707,77.519503,101.26840702162154,4.4444447,5.58683,190.91243,1730968952350,,,2282503491370986,,1,,,
FLP,12.927707,77.519503,101.44148383062,4.4444447,6.1167407,189.97244,1730968952611,,,2282503752471525,,1,,,
FLP,12.927707,77.519503,101.324460939835,4.4444447,6.419583,190.76712,1730968952875,,,2282504016196755,,1,,,
